id;fecha;medio;autor;titulo;texto;grupo_comparacion
0;2026-03-06;LA NACION;Melisa Reinhold;Se promulgó la reforma laboral: cuál es el impacto real en la vida de las empresas y de sus empleados;"Se promulgó la reforma laboral: cuál es el impacto real en la vida de las empresas y de sus empleados
La nueva ley unifica el cálculo de indemnizaciones, flexibiliza la contratación y habilita cambios en la organización del trabajo; analistas prevén efectos graduales
- 6 minutos de lectura'
Este viernes se promulgó la reforma laboral, una iniciativa que buscará cambiar, por primera vez en décadas, la relación entre empresas y trabajadores. Habrá un único criterio con respecto a las indemnizaciones por despido, se busca bajar la litigiosidad, se flexibilizan normas, y se crean incentivos para impulsar la formalización del empleo. Los analistas coinciden en que los efectos no serán inmediatos.
Para las compañías, especialmente para las pequeñas y medianas (pymes), uno de los cambios más palpables de la nueva ley será la reducción de la incertidumbre legal a la hora de pagar las indemnizaciones. Hasta el momento, el monto a pagar por un comercio podía variar dependiendo del juez o la jurisdicción. En cambio, a partir de ahora, se quitan del cálculo bonos, aguinaldos y otros extras, y se unifica el criterio.
“Para calcular una indemnización había cinco cálculos distintos. En cambio, con la reforma habrá una sola fórmula, definitiva, aunque no toma lo mejor para el empleado, sino lo que dice la ley. Es el espíritu original de la norma"", explicó Enrique Stile, socio del estudio jurídico Marval O’Farrell Mairal, y agregó: “Esto tiene que reducir la litigiosidad, porque hoy un juicio laboral a las pymes las liquida: tenían que pagar millones de millones, hipotecar sus empresas, perder ganancias que se iban a usar en inversión. Cualquiera iba a juicio porque algo iba a poder sacar y eso era un desincentivo a la contratación. Con esta normativa, se ordenan y eliminan las pequeñas cosas que generaban distintas interpretaciones"".
Para la calificadora de riesgo Moody’s Ratings, con el tiempo, la reforma laboral debería fomentar la creación de empleo formal. Sin embargo, agregaron que en el corto plazo es probable que surjan costos de transacción asociados a la reconfiguración del mercado laboral, incluyendo mayores despidos en sectores que aún se ajustan al proceso de estabilización macroeconómica y consolidación fiscal.
“El impacto de corto plazo en el mercado laboral lo veo muy acotado, aunque en el mediano plazo tal vez se sienta. Sobre todo, porque estamos en un momento muy complejo en cuanto al empleo en la Argentina. A esto se suma la inteligencia artificial, que de por sí dificulta la creación de puestos de trabajo formales de calidad. Si bien hay un régimen para ‘blanquear’ empleados que estaban en la informalidad, la realidad es que la mayoría de los sectores en la Argentina están expulsando trabajadores formales. Incluso en los sectores ganadores, como minería, energía, o agro, están estancados en cuanto a puestos de trabajo"", coincidió Lorenzo Sigaut Gravina, director de análisis macroeconómico de la consultora Equilibra.
Para Moody’s, sectores como la construcción, manufactura, agroindustria y de servicios podrían verse particularmente beneficiados por la gran cantidad de mano de obra que requieren. Los cambios en las indemnizaciones y la creación de un sistema de cese laboral financiado por el empleador reducen los costos previstos una vez finalizada la relación laboral, además de la incertidumbre legal.
A eso sumaron que una mayor flexibilidad en los esquemas de tiempo de trabajo también debería respaldar la productividad, mientras que la opción de pagar salarios en dólares podría “mejorar modestamente” la retención de empleados en empresas exportadoras y multinacionales.
“La magnitud y el momento en que se materialicen los beneficios de la reforma dependerán de su implementación efectiva y de condiciones macroeconómicas más amplias. Es probable que los beneficios económicos y crediticios a corto plazo sean limitados y se materialicen de forma gradual y desigual entre los sectores en medio de desafíos sociales y legales que incluyen resistencia sindical, riesgos de litigios y de implementación“, agregó la calificadora de riesgo.
Ya con la vista puesta en el mediano plazo, Sigaut Gravina dijo que el impacto de la reforma dependerá de la inversión y las perspectivas de crecimiento. No obstante, agregó que la ley sí da más previsibilidad, sobre todo al simplificar, aclarar y acortar los márgenes de interpretación respecto a las indemnizaciones. Un “arma de doble filo” podría ser el Fondo de Asistencia Laboral (FAL), porque desfinancia a la Anses y genera un costo fiscal de 0,3 puntos del PBI.
“En términos generales, no veo que favorezca a los empleados necesariamente, porque se le quitó un poco de negociación a los gremios y el hecho de negociar empresa por empresa puede llegar a perjudicar a algunos empleados. Pero hay cosas interesantes, como el fraccionamiento de vacaciones, que en la práctica pasaba y está bueno tenerlo por ley. También se puso un poco más de paraguas sobre los trabajadores de aplicaciones, que se verán favorecidos. Pero la informalidad es mucho más grande que esta reforma, que habla de una economía argentina muy fraccionada: tenés empleo de calidad productivo y después mucho empleo informal, changas, trabajo de baja calidad que es algo mucho más estructural”, sumó el economista.
Hay algunos “mitos” y “polémicas” que Stile se encargó de clarificar. Con el banco de horas, se podrá negociar entre empresas y trabajadores compensar las horas extras con tiempo libre en vez de un pago adicional. Por ejemplo, más días de vacaciones, faltar al día siguiente de una jornada intensa, o terminar la semana un viernes al mediodía, lo que responde a la demanda de flexibilidad por parte de las nuevas generaciones.
También se habilitaron las jornadas de 12 horas, con 12 horas de descanso en el medio, pero no podrán superarse las 48 horas semanales. También se moderniza el fraccionamiento de las vacaciones, para poder negociarlo con el empleador y no tener que utilizarlas todas juntas o poder hacerlo en las vacaciones de invierno, algo que en la práctica ya ocurría.
“En todos los casos, la negociación es voluntaria y de común acuerdo. Si el trabajador no quiere, no lo acepta, porque la ley está primero. No se modificaron artículos de horas extras, institutos ni relativos a la jornada, sigue todo igual. La reforma busca romper la estructura vieja de convenio y que haya una flexibilidad para que se autorice legalmente. No sé si generará más trabajo en blanco, la microeconomía está mal. Pero sin duda, si contratar deja de ser un dolor de cabeza para las empresas, va a favorecer. Aquel que tuvo un juicio, probablemente no quiera tener más empleados; pero puede ser diferente para los nuevos emprendedores"", cerró Stile.";la nación
1;2026-02-28;LA NACION;Laura Serra;Qué es la reforma laboral de Milei que aprobó el Senado: uno por uno, los principales cambios;"Qué es la reforma laboral de Milei que aprobó el Senado: uno por uno, los principales cambios
El gobierno de Javier Milei consiguió sancionar este viernes la reforma laboral en trámite de revisión en el Senado. La versión que se convierte en ley es la que salió de la Cámara de Diputados la semana pasada, que excluye el artículo que imponía descuentos salariales a los trabajadores que faltaran por licencia médica.
Con poco más de 200 artículos, la reforma está agrupada en en cinco ejes temáticos: modificaciones diversas a la actual modalidad laboral; incentivos a la formalización de trabajadores y creación de empleo; una nueva dinámica en la justicia laboral para desalentar la llamada “industria del juicio”; una reforma tributaria acotada y beneficios fiscales destinadas a medianas inversiones.
A continuación se presenta un detalle de los aspectos principales del proyecto, incluidas las modificaciones ya incorporadas.
Modificación de la ley de contrato de trabajo
La ley incorpora cambios profundos en las relaciones de trabajo, flexibiliza las condiciones de contratación y modifica sustancialmente el esquema de indemnizaciones.
¿Habrá cambios en las remuneraciones?
Los salarios deben ser pagados en dinero, sea en moneda nacional o extranjera, especie, habitación o alimentos. Se incorpora el concepto de “salario dinámico”, que puede ser acordado en los convenios colectivos, regionales o por empresa e incluso por decisión del empleador, como pagos al “mérito personal” del trabajador o productividad. Los únicos habilitados para el pago de salarios serán las entidades bancarias (se eliminó la posibilidad de incorporar a las billeteras virtuales).
En caso de despido, ¿cómo se calcularán las indemnizaciones?
Se propone una reducción de la base de cálculo: ya no se considerarán conceptos como vacaciones, el aguinaldo, propinas o premios. Se impone un tope salarial como base remuneratoria, que no puede exceder 3 veces el salario promedio mensual según el convenio colectivo aplicable a la categoría del trabajador. Para desalentar discrecionalidades en litigios judiciales, las indemnizaciones se actualizarán por inflación más un plus del 3% anual. En estos casos, las sentencias podrán ser canceladas en un plazo de 6 cuotas mensuales consecutivas si se trata de grandes empresas. El plazo se estira a 12 cuotas para las pymes.
¿Quién pagará las indemnizaciones por despido?
Se crean los Fondos de Asistencia Laboral (FAL), que serán cuentas específicas e inembargables que conformarán los empleadores con el aporte obligatorio y mensual de un porcentaje de las contribuciones patronales. Será del 1% para las grandes empresas y del 2,5% para las pymes. La administración de los recursos recaerá en la Comisión Nacional de Valores. Los críticos de este esquema advierten que con esta reducción de las contribuciones patronales se desfinanciará el actual sistema previsional para abaratar los despidos.
¿Qué pasará con las vacaciones?
El empleador deberá conceder el goce de vacaciones durante el período entre el 1º de octubre y el 30 de abril del año siguiente. Las partes pueden acordar disponerlas fuera de dicho período. También de mutuo acuerdo el empleador y el trabajador podrán convenir el fraccionamiento de las vacaciones siempre que cada uno de los tramos no sea inferior a 7 días.
¿Se reducirán o se extenderán las jornadas laborales?
Se establece la posibilidad de ampliar la jornada laboral diaria de 8 a 12 horas siempre que se respete el descanso de 12 horas entre días de trabajo. Respecto de las horas extra, el empleador y el trabajador podrán acordar de manera voluntaria un régimen de compensación a partir de un banco de horas o bien francos compensatorios. Se incorporan los contratos a tiempo parcial por un período de tiempo inferior a la jornada legal.
Enfermedades y accidentes de trabajo
Este era el polémico artículo 44 de la iniciativa, incorporado por el Senado, que fue eliminado del proyecto que se discutirá en Diputados. Establecía que si un trabajador sufre un accidente o enfermedad ajenos a sus tareas laborales, recibirá el 50% de su salario básico durante 3 meses si no tiene personas a cargo o 6 meses si las tiene, siempre que el hecho derive de una actividad voluntaria y consciente. Si la incapacidad no resulta de una acción voluntaria y riesgosa, el trabajador recibirá el 75% de su salario en los mismos plazos. Se regula el trámite de aviso de enfermedad y los controles médicos, incluyendo la facultad del empleador de designar médico y el uso de juntas médicas ante discrepancias. Al desaparecer este artículo, las licencias se seguirán pagando como en la actualidad.
Antigüedad del trabajador
Se la computará desde el inicio de la relación laboral, incluyendo los sucesivos contratos a plazo que las partes hubieran celebrado. Asimismo, se computará como antigüedad el tiempo de servicio anterior en los casos en que el trabajador hubiese cesado por cualquier causa y reingrese bajo las órdenes del mismo empleador, salvo si hubiese transcurrido un plazo de tres años entre la desvinculación y su reingreso. En ese caso la antigüedad del tiempo de servicio anterior no será computada.
¿Qué pasará con las cajas sindicales?
Este punto recibió importantes modificaciones a favor de los gremios. Se mantendrá en el 6% la alícuota de aportes patronales que deberán hacer los empleadores a las obras sociales. Permanece vigente la llamada “cuota sindical” compulsiva que pagan los trabajadores (estén o no afiliados) a los gremios, aunque con un tope del 2% del salario mensual y por dos años. El tope baja al 0,5% en los aportes a las cámaras empresarias. Los empleadores seguirán siendo agentes de retención de las cuotas de afiliación a los gremios. El Gobierno mantiene firme la prioridad de los acuerdos de empresa o regionales por sobre los convenios sectoriales (los sindicatos no lograron revertir el artículo que limita la ultraactividad de los convenios colectivos).
Negociación de los convenios colectivos
El Gobierno mantiene firme la prioridad de los acuerdos de empresa o regionales por sobre los convenios sectoriales. En el caso de los convenios que estuviesen vencidos, el Ministerio de Capital Humano convocará a las partes para renegociar dichos convenios. En los convenios vigentes por ultraactividad, por petición de cualquiera de las partes legitimadas, el PEN podrá decretar la suspensión de los efectos del acto de homologación cuando se alegare que su aplicación genera distorsiones económicas graves.
¿Se prevé un régimen para los trabajadores de plataformas digitales?
El proyecto define una nueva categoría laboral para el sector de las aplicaciones. Crea la figura de repartidor independiente y habilita la libertad de formas de contrato. La iniciativa establece que este vínculo no constituye una relación laboral, sino un contrato de servicio independiente.
¿Se limita el derecho de huelga?
La reforma fija porcentajes mínimos de funcionamiento durante las huelgas, según el tipo de actividad. Los servicios “esenciales” deberán asegurar una cobertura del 75%, mientras que los servicios “trascendentales”, al menos el 50%. El proyecto amplía el número de actividades alcanzadas: se incluyen, entre otros, los servicios educativos en sus tres niveles. Las fuerzas de seguridad deberán prestar cobertura en un 100%. Las asambleas de trabajadores tendrán que contar con autorización previa del empleador.
¿Qué estatutos se derogan?
Se derogarán cuatro estatutos profesionales (viajante de comercio, peluquero, choferes particulares y operadores de radio/telegrafía) transcurridos seis meses de la sanción de la ley. El estatuto del periodista profesional se derogará a partir del 1° de enero de 2027.
Formalización y creación de empleo
La reforma contiene una serie de incentivos impositivos para la contratación de nuevos trabajadores y para la registración de aquellos que están en la informalidad. El objetivo es alentar la creación de empleo registrado, aunque los críticos señalan que estos beneficios tributarios a los empleadores contribuirán a desfinanciar el sistema previsional.
¿Qué beneficios impositivos se proponen para formalizar a los trabajadores no registrados?
El proyecto propone un programa de Promoción del Empleo Registrado (PER) destinado a regularizar relaciones laborales no registradas o deficientes, extinguiendo sanciones, deudas y acciones penales. La reglamentación correrá por cuenta del PEN una vez aprobada la ley.
¿Se prevé un nuevo blanqueo laboral?
En los hechos, sí, sostiene la oposición. El programa incluye la condonación de hasta el 70% de deudas por capital e intereses cuando esta tenga origen en la falta de pago de aportes y contribuciones a la seguridad social, la baja del Registro de Empleadores con Sanciones Laborales (Repsal) y la extinción de la acción penal prevista en el artículo 16 del Régimen Penal Tributario.
¿Qué incentivos se proponen para contratar nuevos trabajadores?
El proyecto crea el Régimen de Incentivo a la Formalización Laboral (RIFL), programa que tendrá un año de duración. Por cada nuevo trabajador, el empleador pagará menores contribuciones patronales (solo un 8%, incluido el 3% destinado al Fondo de Indemnizaciones). Las nuevas incorporaciones deberán cumplir con alguna de estas condiciones: no haber tenido una relación laboral registrada al 10 de diciembre de 2025, haber estado inscripto en el monotributo o haber sido empleado público.
Justicia laboral
La reforma introduce modificaciones en la ley de Organización y Procedimiento de la Justicia Nacional del Trabajo con el propósito de acelerar el traspaso del fuero laboral nacional -adverso a las políticas del Gobierno- a la órbita de la ciudad de Buenos Aires.
¿Qué plantea la iniciativa para reducir la litigiosidad?
Se establece que los acuerdos entre trabajadores y empleadores que se firmen ante la Justicia o una autoridad laboral y sean homologados tendrán el mismo valor que una sentencia firme; es decir, no podrán reabrirse luego en los tribunales, lo que busca reducir la litigiosidad. Asimismo, se imponen topes en los honorarios de los abogados y peritos. En los juicios laborales, el pago de las costas procesales, incluidos los honorarios profesionales, no excederán del 25% del monto de la sentencia.
¿Qué pasará con la Justicia Nacional del Trabajo?
Se incorpora como anexo el convenio firmado entre la Nación y el gobierno porteño que establece el progresivo traspaso de la Justicia Nacional de Trabajo y la transferencia de las competencias y funciones en materia laboral ordinarias a la justicia porteña por un lado, y la derivación de competencias en materia laboral de carácter federal a los juzgados en lo contencioso administrativo federal. La Nación se compromete a transferir al gobierno porteño los recursos correspondientes.
Reforma tributaria
Fue uno de los capítulos más conflictivos de la reforma hasta que el Gobierno accedió, por presión de los gobernadores, a eliminar del texto la reducción del Impuesto a las Ganancias para las sociedades.
¿Habrá reducción de impuestos?
IVA: se propone su exención a la energía eléctrica utilizada en sistemas de riego para el sector agroindustrial
Internos: se elimina el gravamen a productos electrónicos; objetos suntuarios; automotores, motos, aeronaves y embarcaciones; celulares; seguros, y servicios de comunicación audiovisual.
¿Qué pasará con el financiamiento del INCAA?
En 2028 se dará de baja el fondo que financia la actividad cinematográfica, que se nutre de un impuesto del 10% sobre las entradas de cine, un 10% sobre la venta o alquiler de videogramas y un 25% de la recaudación del Enacom. El texto original preveía su eliminación inmediata.
Incentivos para medianas empresas
Se crea Régimen de Incentivo para Medianas Inversiones (RIMI) para incentivar medianas inversiones nacionales y extranjeras. Entre los beneficios se destaca la amortización acelerada y devolución anticipada de IVA a inversiones. Regirá por dos años.
¿Qué sectores podrán acogerse a este régimen? ¿A partir de qué monto?
Está destinado a pequeñas y medianas empresas interesadas en invertir en la adquisición, elaboración, fabricación y/o importación de bienes muebles nuevos -excepto automóviles-, amortizables en el Impuesto a las Ganancias, así como a la realización de obras destinadas a actividades productivas en el país. El monto de las inversiones varía según la envergadura de la empresa, de U$S 150.000 a U$S 9 millones.
¿Qué beneficios impositivos contempla?
Posibilita la amortización acelerada en el Impuesto a las Ganancias, es decir, permite a los beneficiarios depreciar sus inversiones productivas en plazos más cortos. Facilita, además, la devolución de saldos a favor de IVA generados por las inversiones, sujeta a un cupo presupuestario anual y a un plazo de tres períodos fiscales.";la nación
2;2026-04-08;LA NACION;Manuela Viñales;Oficial: estos son los impuestos que quedan exentos en la compra de propiedades con la Reforma Laboral;"Hace poco más de un mes, la Ley de Modernización Laboral se publicó en el Boletín Oficial, y de esa manera sus medidas quedaron efectivas.
Aunque su eje central es el laboral, el artículo 192 incorpora dos reformas impositivas relacionadas con el mercado inmobiliario: la exención del Impuesto a las Ganancias tanto para quien tiene una propiedad en alquiler con destino casa habitación (vivienda) como para las personas humanas que venden un inmueble.
El efecto de estas reformas es a partir del 1 de enero de 2026. “Entonces, el beneficio es retroactivo"", afirma el tributarista Sebastián Domínguez, titular del estudio SDC Asesores Tributarios.
Aunque las medidas producen que el Gobierno pierda recaudación, Domínguez explica que esa pérdida “es baja y no mueve demasiado”. Sin embargo, con la exención aspiran poder “aliviar la carga tributaria para los ciudadanos” y eliminar gravámenes considerados de “baja eficiencia recaudatoria y alto costo de administración”, siguiendo la política oficialista de reducción de impuestos.
En esta línea, el profesional hace una aclaración que vale la pena destacar: las exenciones pueden ser derogadas. Si el Gobierno actual logra la reelección se supone que seguirán por el mismo camino; sin embargo si hay un cambio político estas medidas pueden verse afectadas. “Es importante tener esto presente, aunque actualmente el beneficio está, en el futuro puede cambiar”, resume.
Cuáles son las reformas que benefician al mercado inmobiliario
En la compraventa
Para el caso de la compraventa de inmuebles, anteriormente, una persona humana, no habitualista —que no es broker inmobiliario— que adquiría una propiedad desde el 1 de enero de 2018 y la vendía, si tenía un resultado positivo por esa venta, debía tributar el impuesto cedular del 15%, explica Domínguez. Actualmente, si se realizan ventas de manera ocasional estarán exentas del tributo.
En cambio, para las personas humanas que compran y venden inmuebles y su actividad es la inmobiliaria, en vez de tener el impuesto cedular, tienen que tributar Ganancias con una alícuota del 5% al 35%. En este caso, no se modifican los impuestos que deben pagar ya que son habitualistas. Lo mismo ocurre con el caso de las sociedades, donde la compraventa estaba gravada y continúa de esa forma.
Para el alquiler
En lo que respecta a los alquileres que se cobran de inmuebles con destino casa habitación, antes tributaban Ganancias. Con la nueva ley gozan de la exención del impuesto retroactiva, con efecto al 1 de enero de 2026, para personas humanas. Esto también aplica para personas jurídicas por los ejercicios fiscales iniciados a partir de esa misma fecha.
A diferencia de lo que ocurre con la compraventa, no importa si la persona es habitualista o no: “La exención en el alquiler rige para todos, ya sea el que tiene 15 inmuebles y los alquila con destino vivienda como para el que alquila uno solo con ese destino”, agrega Domínguez. Es decir, que no se establece condición de sujeto -personas humanas, sucesiones indivisas y también personas jurídicas- ni de cantidad de propiedades.
Una pregunta que surge al conocer estas medidas es si los inquilinos se benefician con esta situación. En este contexto, Domínguez explica tres escenarios:
- Si se produce más oferta de inmuebles con destino casa habitación se puede producir una baja en el precio de los alquileres.
- Si la oferta no se ve modificada, difícilmente la baja de impuestos se traslade al valor del alquiler. En este caso el beneficio será solo del dueño, que podrá gozar de una mayor rentabilidad.
- Si hay muchas inversiones y aumentan los precios de los inmuebles -producto de una mayor demanda- como el alquiler es una rentabilidad de la inversión, puede ser que los alquileres suban y se mantengan; de esta manera los inquilinos no verán los precios de los alquileres más bajos.
Esta medida se diferencia de la ley 27.737 -promulgada a fines de octubre de 2023- que eximió la cuota impositiva del monotributo para aquellos que tenían hasta una sola actividad de alquiler de inmuebles y hasta dos propiedades. Esa ley, además, dicta que para tener los beneficios impositivos, el alquiler debe ser la única actividad declarada en el Monotributo.
¿Qué efectos tiene en el mercado inmobiliario?
Las repercusiones de las medidas recientes son favorables. Entre ellas, se encuentra un aumento significativo de la ganancia neta para los propietarios que alquilan su vivienda. Esta premisa es sostenida por el informe del Instituto Argentino de Análisis Fiscal, que investiga el aumento de la rentabilidad del alquiler de una propiedad en caso de que se apruebe la exención del impuesto. En números, explican que una persona que tributa una alícuota del 35% tendría un aumento de rentabilidad del 60% y uno que tributa una del 13%, del 17%.
La variación de la alícuota se explica por la escala: no es un porcentaje fijo, sino que existe una alícuota progresiva desde el 5% hasta el 35% aplicada sobre la ganancia neta y de acuerdo al monto.
Aunque los que tienen inmuebles alquilados ya gozan de la exención, a un mes de la promulgación de la ley, el tributarista no observa, de forma generalizada, un movimiento de personas que busquen comprar inmuebles por el beneficio. Sino que los inversores agregan otras variables a la ecuación, como la situación económica y los movimientos del mercado inmobiliario.
“Para el que quiere invertir en ladrillo, este momento se presenta como una buena oportunidad para comprar. Los precios no han subido y se puede utilizar el beneficio de la exención”, resume el especialista, y concluye que si el Gobierno es reelecto, y a la Argentina le va bien, los precios de las propiedades deberían ir al alza. De esta manera, cuando la persona decida vender, tendrá el beneficio por la plusvalía.";la nación
3;2026-02-12;LA NACION;Francisco Jueguen;Contundente respaldo de los empresarios al avance de la reforma laboral en el Congreso;"Contundente respaldo de los empresarios al avance de la reforma laboral en el Congreso
Cámaras y asociaciones apoyaron la aprobación de la modernización en el Senado; afirmaron que se ordena el marco vigente y se genera previsibilidad; dijeron que esperan que la economía se reactive para sumar trabajo
- 9 minutos de lectura'
Los empresarios destacaron el avance parlamentario —la media sanción en el Senado— de la reforma laboral que impulsó el Gobierno y afirmaron que es un marco normativo, un cambio estructural, que ordena el actual mercado de trabajo y genera previsibilidad para que, en una economía que vuelva a encontrar crecimiento, se genere empleo en la Argentina.
“La actividad de las empresas privadas en la Argentina ha estado limitada durante largo tiempo por una serie de factores, entre ellos, la necesidad de actualizar las normas laborales. Brindar previsibilidad y reducir la litigiosidad en este ámbito, no hay duda, es necesario para incrementar el empleo formal en nuestro país“, dijeron a LA NACION desde la Asociación Empresaria Argentina (AEA).
Por su parte, en la Unión Industrial Argentina (UIA) destacaron varios puntos a favor de la industria en el proyecto de ley que, según la consultora privada Empiria, tiene un costo fiscal total de 0,1% del PBI para 2026 y de 0,2% del PBI anualizado en plena vigencia.
El paso en el Congreso de la ley de modernización fue respaldado por varias cámaras y asociaciones más de empresarios, como ABA y Adeba (los bancos), la Bolsa de Comercio y la Sociedad Rural (SRA), y la Cámara de Comercio y Servicios (CAC). Todos resaltaron la importancia del avance del gobierno de Javier Milei en lo que tiene que ver con la competitividad sistémica, sobre todo en un contexto desafiante para varios sectores en tiempos de apertura y revalorización del peso.
Por caso, en la UIA se recalcó que, con relación a la gobernanza interna de las pymes, la ley introduce “reglas más claras” sobre la actuación sindical. Mencionaron el límite a 10 horas por mes de la gestión sindical, que “acota la protección” exclusivamente al delegado y “ordena” el funcionamiento de las asambleas. “Esto reduce el conflicto permanente dentro de las plantas, especialmente en pymes”, dijeron.
En la entidad subrayaron que se establecen “criterios taxativos” sobre los conceptos que integran la indemnización por despido, excluyendo rubros que anteriormente se sumaban de manera “arbitraria”, como adicionales, vacaciones o aguinaldos. “Todo esto genera mayor previsibilidad en los costos laborales y permite a las empresas planificar sin la incertidumbre que generaba la litigiosidad”, indicaron.
El Fondo de Cese Laboral (FAL), señalaron los especialistas de la UIA, es un “instrumento clave para dar previsibilidad”. Se fijó un aporte del 2,5% para las pymes y del 1% para las empresas más grandes (antes era 3%). “Son porcentajes que reflejan lo que las empresas gastan anualmente en indemnizaciones”, calcularon.
“La ley introduce criterios de actualización unificados (para los juicios), elimina distorsiones y establece cambios en el proceso judicial laboral para mejorar su funcionamiento”, indicaron y celebraron que “se incorporan herramientas legales para evitar bloqueos y tomas de establecimientos, situaciones que afectaban gravemente la producción, especialmente en empresas de menor escala”.
Afirmaron que el fin de la ultraactividad genera un “estímulo” para renegociar “condiciones laborales acordes a los nuevos contextos productivos”. Por otra parte, dijeron que “se fortalecen las facultades del empleador para organizar el trabajo, asignar tareas y estructurar la empresa”, imprescindible, dijeron, en tiempos complejos. Ratificaron “la importancia” en el tratamiento de los servicios esenciales y de las actividades con procesos continuos, “brindando garantías a sectores donde las interrupciones generan pérdidas productivas irreversibles”.
Licencias y ausentismo
“Se introducen mecanismos más transparentes para el control de certificados y licencias, reduciendo los abusos y el ausentismo injustificado. Además, se elimina el incentivo económico a faltar sin causa, ya que quien no trabaja no percibe la remuneración correspondiente”, celebraron dentro de la UIA. Sobre el banco de horas y la flexibilidad operativa, estimaron que “permite ordenar la jornada laboral de acuerdo a las necesidades productivas, evitando costos adicionales innecesarios y generando herramientas de adaptación”.
En la entidad destacaron que “se corrige” el régimen de responsabilidad solidaria en los casos de tercerización y festejaron los incentivos a la formalización y reducción de costos no salariales. “Se incorporan regímenes de incentivo a la formalización laboral, reducción de contribuciones para nuevos contratos y otros instrumentos orientados a bajar el costo no salarial. Estas medidas apuntan a estimular la creación de empleo formal y reducir la informalidad”, afirmaron.
Sobre las vacaciones dijeron que, si bien el período de vacaciones es del 1º de octubre y al 30 de abril del año siguiente, “se podrá acordar disponerlas fuera de dicho período” y que también “de mutuo acuerdo”, el empleador y el trabajador podrán convenir el fraccionamiento de las vacaciones siempre que cada uno de los tramos no sea inferior a 7 días.
“El régimen laboral anterior fracasó”, dijo a LA NACION el presidente de la Unión Industrial Argentina, Martín Rappalini. “El empleo formal lleva más de 15 años sin crecer, mientras la informalidad alcanzó niveles récord. Llegamos a tener más de 600.000 juicios laborales, lo que equivale a cerca del 10% de la nómina total en litigio. A eso se suman niveles de ausentismo también récord, entre el 8% y el 10% según el sector, en gran parte por un sistema de enfermedades difícil de controlar. Este nuevo marco laboral viene a corregir esas distorsiones que, durante años, solo generaron conflicto y destrucción de empleo”, agregó y reconoció el trabajo del G6 y el Consejo de Mayo.
La UIA, donde hay preocupación por el proceso de apertura y el ritmo de recuperación económica, se reunirá el viernes con el ministro de Economía, Luis Caputo. “Esta ley crea un nuevo marco normativo que da previsibilidad a las relaciones laborales futuras. Es un cambio estructural hacia adelante. Esperemos que la economía reactive y podamos generar empleo, pero sin un sistema laboral previsible era muy difícil que eso ocurriera. De hecho, llevamos más de 15 años con el mismo nivel de empleo formal registrado”, dijo Rappalini.
“El proyecto aprobado por el Senado genera las condiciones para crear empleo y facilita la formalización laboral; en un marco de estabilidad y crecimiento económico”, dijo Javier Bolzico, presidente de Adeba. “Además, asegura que los haberes que reciban los trabajadores estén bancarizados, garantizados y que contribuyan a financiar el crecimiento del crédito, como ocurrió los últimos dos años. El proyecto asegura la gratuidad de las cuentas sueldo”, agregó sobre la polémica que se generó en el debate con las billeteras virtuales.
“La aprobación en el Senado del proyecto de Modernización Laboral es algo positivo ante la imperiosa necesidad de incorporar más trabajadores al mercado formal de trabajo”, dijo Claudio Cesario, presidente de ABA. “En cuanto a las modificaciones, valoramos que hayan tenido en cuenta nuestros argumentos técnicos que apuntan a garantizar la protección de los depósitos de los sueldos de los empleados, sostener el desarrollo del crédito a familias y empresas, que es el pilar fundamental del crecimiento de un país, y la libertad de disponer de los fondos con los que ya cuentan todos los trabajadores”, cerró.
“Es un paso adelante muy importante”, señaló a LA NACION, Adelmo Gabbi, presidente de la Bolsa de Comercio de Buenos Aires. “Me hubiese gustado que incluso fuera más amplio, pero lo que salió es muy bueno”, dijo. El primer borrador incluía la exención a la renta financiera Ganancias. En la negociación, ese artículo se perdió.
“El proyecto que obtuvo media sanción por parte del Senado favorecerá tanto la formalización de relaciones laborales no registradas como la generación de nuevos puestos de trabajo”, dijo Mario Grinman, presidente de la CAC a este medio. “Es un paso muy importante en la dirección correcta que los argentinos nos debíamos desde hace mucho tiempo. Ahora bien, debemos tener en cuenta que, para lograr que el empleo privado registrado aumente de forma significativa y sostenida en el tiempo, no basta con una ley. Me refiero a que una modernización normativa como la que se está tratando en el Congreso es ciertamente indispensable y por demás bienvenida, pero debe ser complementada con un entorno económico adecuado”, agregó el empresario.
“Felizmente, en los últimos años la Argentina ha tenido progresos enormes en este sentido, en materia monetaria y fiscal. Confío en que la conjunción entre una macroeconomía saneada y esta actualización de la legislación permitirá importantes progresos en el mercado laboral, con sus consecuentes beneficios económicos y sociales”, completó el presidente de la cámara de Comercio.
“La media sanción de la Ley de Modernización Laboral es una señal positiva en el camino hacia una Argentina más competitiva y con mayor generación de empleo formal. Desde la Sociedad Rural Argentina creemos que actualizar el marco normativo laboral es una deuda pendiente que el país tiene con su sector productivo y, sobre todo, con millones de trabajadores que hoy se encuentran en la informalidad”, dijo a LA NACION, Nicolás Pino, presidente de la SRA, que recordó que la se viene trabajando en una propuesta de modificación de la Ley de Trabajo Agrario N° 26.727 y sobre la modernización en el Consejo de Mayo. En ese sentido, la SRA sugirió varios puntos que, explicaron, no estaban en la versión original y que se terminaron incluyendo luego.
“El campo y las economías regionales necesitan reglas claras, previsibles y adaptadas a la realidad productiva del interior”, completó.
El Congreso está debatiendo una reforma necesaria para adecuar las relaciones laborales a la situación argentina actual.
— AmCham Argentina (@AmChamArgentina) February 11, 2026
Seguíamos con estructuras pensadas para los años '70, en un mundo que cambió por completo. El resultado es claro: el empleo formal estancado hace décadas y…
La Cámara de Comercio de los Estados Unidos en Argentina (AmCham) había posteado un hilo en X a horas del debate. “La propuesta avanza en la dirección correcta: incentivos a la revisión de las relaciones empleador-colaborador, menor litigiosidad y más previsibilidad. Hoy emplear en la Argentina implica altos costos y decisiones judiciales que desalientan nuevas contrataciones. La discusión no es un debate ideológico: es una realidad que nos imposibilita superar nuestras históricas vulnerabilidades”, estimaron entonces desde AmCham.
“Modernizar no es quitar derechos. Es dar previsibilidad, generar incentivos para contratar y abrir nuevas oportunidades para las nuevas generaciones. El desafío es claro: una Argentina que vuelva a desarrollarse, genere empleo formal, más inversión y oportunidades de acuerdo con las distintas realidades locales. Ese es el camino hacia una Argentina federal en desarrollo”, cerraron.";la nación
4;2026-02-13;Página|12; Celeste del Bianco;Todos los derechos con los que arrasa la reforma laboral de Milei;"La reforma laboral que el Gobierno impulsa con insistencia y que en la madrugada del jueves tuvo media sanción en el Senado, destruye el derecho de las y los trabajadores por tres grandes vías. Ataca el contrato individual –con la creación del banco de horas, el fraccionamiento de las vacaciones o el recorte a las licencias por enfermedad–, debilita la acción sindical –con los límites al derecho a huelga, o la prohibición de las asambleas– y por último, también ataca a la justicia laboral –con, por ejemplo, el traspaso a los tribunales a la Ciudad de Buenos Aires–. Una encerrona a la que la administración de Javier Milei pretende llevar a los empleados formales, pero también a los informales, a los que deja tanto o más desprotegidos de lo que estaban hasta ahora. Ni trabajadores de aplicaciones ni monotributistas, el proyecto libertario no tiene beneficiarios entre la masa trabajadora.

“Si te lastimaste jugando al fútbol, tu jefe no tiene nada que ver”. La frase del ministro de Desregulación y Transformación del Estado, Federico Sturzenegger, resume el argumento libertario para romper con un derecho histórico: las licencias por enfermedad. Si la ley se sanciona, aquella persona que tenga una enfermedad que no sea consecuencia de la prestación de las tareas laborales cobrará solo el 50 por ciento del sueldo que percibía al momento del accidente durante 3 meses o 6 si tiene personas a cargo. Los libertarios fueron un poco más generosos con aquellos que padezcan “enfermedades no voluntarias”, es decir, que no sean consecuencia de actividades voluntarias riesgosas. En ese caso, el empleado tendrá derecho a percibir el 75 por ciento del salario. Una situación a la que la senadora de Fuerza Patria Cristina López calificó como “esclavitud laboral”. “Si te enfermás, perdés. Si tu cuerpo no da más perdés, igual que en el siglo XIX”, dijo.

El proyecto que Bullrich logró sancionar en el Senado habla de una “negociación dinámica” del salario, es decir, que los gremios o los trabajadores particulares pueden acordar con las empresas extras como bonos o compensaciones que estén vinculados a niveles de productividad o de objetivos. También habilita el “banco de horas”, que hace que el empleado sume las extras y acumule una especie de saldo para después canjear por días libres o jornadas de trabajo reducidas.

Es decir, pone a trabajadores y empresarios en igualdad de condiciones para poder negociar en una relación que es desigual, en la que las fuerzas son distintas. Para el presidente de la Asociación Latinoamericana de Abogados y Abogadas Laboralistas, Matías Cremonte, “la ley lo que hace es volver a desequilibrar la balanza en favor de los empresarios”.

Al modificar la Ley de Contrato de Trabajo, el Gobierno busca que las vacaciones se fraccionen por un mínimo de 7 días (antes eran por 15) y que el trabajador tenga, al menos, un período de vacaciones en verano cada 3 años. Una complicación a la hora de combinar con el ritmo escolar en los casos de quienes tienen hijos. “Le da a los trabajadores la ‘potestad’ de ‘negociar’ con el empresario una jornada distinta, de fraccionar vacaciones, pero en el fondo le quita una serie de resortes y de herramientas que hoy tiene para oponerse a cambios que sean abusivos. Se liman una serie de equilibrios que fue encontrando la legislación laboral justamente para desequilibrar la balanza en favor del empleado”, le dijo Cremonte a Página/12.

La “libertad” para acordar también abre la posibilidad a jornadas laborales de 12 horas según lo que determine el “banco de extras”, aunque la ley advierte que se deben respetar los descansos mínimos entre jornada y jornada de 12 horas y de descanso semanal de 35 horas.

Los trabajadores que sufran despidos van a perder aún más porque las indemnizaciones van a ser más bajas: ya no incluirán en los cálculos aguinaldo, vacaciones, premios y otros beneficios. Solo se contabilizará el pago mensual. Pero el impacto no será solo sobre las condiciones actuales, la destrucción será también hacia adelante. El Gobierno impulsa la creación del Fondo de Asistencia Laboral (FAL), un sistema de cese laboral que se va a financiar con un aporte que hace el empleador y con el que se pagarán los futuros despidos. Al mismo tiempo, las empresas van a recibir ese mismo monto que ponen en el FAL como descuento en las cargas patronales.

El abogado laboralista y profesor de Derecho Colectivo del Trabajo de la UBA, Julián Hofele, sostuvo que hacia el “futuro es un desfinanciamiento del sistema jubilatorio”. “Que se haya establecido un porcentaje de los fondos de la seguridad social, que actualmente son contribuciones patronales de los empleadores y que eso se derive a un fondo de asistencia para despidos, indudablemente implica un impacto en la vida de los trabajadores”, le dijo a este diario.

El senador peronista Mariano Recalde calificó al FAL como un “escándalo” y denunció que se trata de “un negociado horrendo y brutal que no se ha visto en la legislación argentina, supera a las AFJP”. En ese sentido, Cremonte indicó que lo único que busca generar es un gran negocio financiero porque es un ”fondo que va a ser administrado por aseguradoras, por bancos, que va a ser invertido en fondos fiduciarios y en cualquier tipo de instrumentos para generar un negocio en esas aseguradoras”.

En cuanto a la organización sindical, el ataque es a través del derecho a huelga y los sectores que se denominan esenciales, que no pueden brindar una prestación menor al 75% de su funcionamiento normal. En esos se suman a los que ya estaban incluidos (salud, la producción y distribución de agua potable, energía eléctrica y gas y el control del tráfico aéreo) otros como las telecomunicaciones, los servicios aduaneros y migratorios y la educación en todos sus niveles, excepto las universidades. También crearon la categoría de “servicios de importancia trascendental”, que no pueden brindar una prestación menor al 50% de su funcionamiento normal.

Además, los trabajadores tendrán que pedir permiso para hacer asambleas y que no podrán afectar el normal desarrollo de la empresa, además de que el empleado no cobrará por el tiempo que participe en las reuniones gremiales.

También elimina la “ultraactividad”, que permite que un convenio colectivo de trabajo continúe vigente incluso después de su fecha de vencimiento. “Lo que está buscando el Gobierno es tratar de desarmar algunos acuerdos que se establecen entre los sindicatos y las cámaras empresarias”, dijo Hofele.

Para los monotributistas también habrá retrocesos, ya no se presupondrá que existe un vínculo laboral en los casos en los que están integrados al funcionamiento de una empresa, pero que facturan un salario mes a mes sin tener un contrato.

Para Cremonte la gran falacia de llamar a esta ley de modernización laboral queda expuesta en el caso de los trabajadores de aplicaciones, que están siendo regulados en otros países. En cambio, en Argentina la que hace el proyecto es excluirlos directamente de la ley laboral. “No les dicen trabajadores, los llaman repartidores independientes, no son trabajadores y por lo tanto no se aplica la legislación laboral y no les dan ninguna protección”.

A pesar de este retroceso gigantesco para el presente y el futuro de las y los trabajadores, la ley ya tiene media sanción. Bullrich trabajó para eso e hizo los cambios que le pidieron los aliados, los gobernadores y la CGT. Ahora, el mundo del trabajo tal y como lo conocíamos dependerá de lo que pase en Diputados.";pagina 12
5;2026-03-06;Página|12; Luciano Monteagudo;Milei promulgó su reforma laboral: uno por uno, todos los derechos que pierden los trabajadores;"El Gobierno nacional promulgó la ley de Reforma Laboral con la que quitó a los trabajadores cuantiosos derechos ganados durante décadas de conquistas obreras contra la explotación laboral. A partir de ahora, los empleadores podrán despedir sin indemnizaciones justas, no pagar horas extras, pagar salarios con especies, decidir el tiempo de vacaciones y frenar la actividad sindical, entre otros reveses.

La entrada en vigencia de la ley que toma como base un modelo de hace 100 años atrás fue a través de la publicación del decreto 137/2026 en el Boletín Oficial. El texto no incluye cambios respecto del aprobado por el Senado el 27 de febrero, tras semanas de movilización y represión frente al Congreso.

La norma que lleva el número 27.802 y que a pesar de su carácter retrógrado tiene el nombre de “Modernización Laboral” modifica sustancialmente la Ley de Contrato de Trabajo e inclina la balanza a favor de la unilateralidad empleadora, en detrimento de los derechos de los empleados.

En este aspecto, no sólo avanza contra los derechos individuales sino que arrasa con los derechos colectivos, a partir de la eliminación de convenciones colectivas y estatutos, como el Estatuto del Periodista Profesional.

El capítulo sobre Derechos y Deberes de las partes deposita todo el poder en el empleador. Le permite aplicar suspensiones de manera discrecional y le da la facultad de despedir “sin causa”.

Así lo dice el texto: “El empleador está facultado para introducir todos aquellos cambios relativos a la forma y modalidades de la prestación del trabajo” y “cuando el empleador disponga medidas vedadas por este artículo, al trabajador, previa intimación y si ésta fuere desoída, le asistirá la posibilidad de considerarse despedido sin causa”.

Para el caso de los despidos, la ley le asesta un duro golpe a las indemnizaciones. Ya no serán según el convenio de cada sector sino que tomará en cuenta el salario básico, la antigüedad y demás sumas legales, pero no las horas extras, los denominados “plus” ni las gratificaciones extraordinarias.

La base de todo ello no podrá superar el 67 por ciento del valor del convenio. Y para el caso de los despidos “sin causa”, la indemnización será equivalente a solo un mes de sueldo por cada año de servicio, tomando como parámetro el mejor sueldo del último período.

En el caso de fallecimientos, cada empresa determinará cómo se reparte la indemnización entre los familiares. Este fraccionamiento limita el monto indemnizatorio.

Se modifica el régimen de pago de sentencias judiciales favorables a los trabajadores. A partir de ahora, los empresarios podrán pagarlas en 12 cuotas mensuales y consecutivas (para el caso pequeñas y medianas empresas) y en seis cuotas mensuales y consecutivas (para el caso de las grandes empresas).

El pago tendrá una tasa de interés anual del 3 por ciento y quedará ajustada al Índice de Precios al Consumidor (IPC) del Indec.

Con el argumento de terminar con la supuesta “industria del juicio” y la litigiosidad laboral, el Gobierno puso al fuero laboral al borde de su puerta de salida. La artimaña fue creada con el macrismo y su influencia en la Justicia porteña.

La nueva ley le transfiere a la Ciudad de Buenos Aires la competencia laboral que en la actualidad está a cargo de la Justicia Nacional del Trabajo, el fuero que reconoce al trabajador como el eslabón más débil.

A partir de hoy, la jornada laboral diaria pasa a ser de 12 horas y no de 8, tal como regía en consonancia con la legislación aplicada en numerosos países y bajo el criterio de tercios que recomienda que un trabajador debe dividir su día en 8 horas de trabajo, 8 horas de descanso y 8 horas para disfrutar del resto de la jornada.

Para disimular esta forma de explotación, el Gobierno creó el denominado Banco de Horas: un dispositivo a través del cual se supone que regulará el tiempo extra trabajado con el de descanso, sin que ello supere el máximo de la sumatoria semanal de horas trabajadas.

No obstante, esas horas que el trabajador acumule por trabajar demás durante un día ya no serán pagas, puesto que la ley elimina el pago de horas extras, tal como estaban concebidas. La norma indica que la compensación de horas trabajadas serán acordadas entre el empleador y el empleado, pero lo cierto es que eso quedará en manos del primero, producto del desbalance de poder en esa relación.

El pago de los salarios vuelve a cobrar una forma que había sido aplicada desde la Revolución Industrial y que en la Argentina quedó eliminada en el primer tercio del siglo XX: el pago en especies. Por esos tiempos se le daba al obrero una moneda o un papel con un valor equivalente a una cantidad determinada de productos alimenticios. La reversión más moderna fue durante el menemismo, con el famoso “ticket canasta”.

En este sentido, la reforma laboral de Javier Milei retomó el acervo cultural del “todo vuelve” y reeditó la vieja forma. El empresario tendrá la posibilidad de pagar con dinero (nacional o extranjero) o especie. Podrá hacerlo con depósitos contantes y sonantes, o a través del intercambio de alimentos o alojamiento.

Si bien el texto de la ley establece que “el salario debe ser satisfecho en dinero, ya sea en moneda nacional o extranjera”, luego agrega que “las prestaciones complementarias que no resulten beneficios sociales (...), sean en dinero o en especie, integran la remuneración del trabajador”.

La ley 27.802 dice que “los Convenios Colectivos de ámbito mayor no podrán modificar ni disponer el contenido de los convenios de ámbito menor”.

A partir de ahora, cada empresa podrá negociar con sus empleados, de manera individual, condiciones inferiores al piso establecido por el convenio de una rama. Hasta ahora, un sindicato nacional negociaba un piso de derechos para toda la rama, pero con la reforma se descentraliza la negociación colectiva. O sea que los gremios pierden en la representación colectiva.

A este golpe a la protección de derechos laborales se le suma el que se le da a los estatutos: en 180 días quedarán derogados los estatutos profesionales, entre ellos el Estatuto del Periodista que no sólo protege a los trabajadores de prensa de la explotación laboral, sino que contiene las excepciones propias de la rama y, a la vez, garantiza la libertad de prensa y del ejercicio de la profesión.

Las asambleas de trabajadores en horarios de trabajo sólo podrán concretarse con permiso del empleador, previo aviso de lugar y horario en que se realice. La ley establece que podrán llevarse a cabo “siempre que ello no afecte el normal desarrollo de las actividades de la empresa ni cause perjuicio a terceros”.

Además, se les recorta a los delegados la protección que tienen por tareas sindicales. Sólo se les dispensará hasta 10 horas mensuales retribuidas por el ejercicio de sus funciones en horarios de trabajo.

También se considerarán “infracciones muy graves” a los siguientes casos: afectar la libertad de trabajo de quienes no adhieran a una medida de fuerza, organizar bloqueos en accesos al lugar de trabajo, ocasionar daños a propiedades de la empresa. Todo empleado que transgreda esos límites, podrá ser denunciado penalmente.

Por último y no menos grave, se cercena el derecho a huelga en actividades declaradas como “servicios esenciales” y “servicios trascendentales”. En los primeros, se deberá garantizar una cobertura mínima del 75 por ciento y en los segundos una del 50 por ciento.

Los aportes de los trabajadores a los sindicatos no podrán superar el 2 por ciento del salario. Lo que sí queda en pie es el aporte obligatorio del 6 por ciento para las obras sociales.

Se crea el cuestionadísimo Fondo de Asistencia Laboral (FAL), un sistema que toma dinero del fondo de jubilaciones y pensiones para pagar las indemnizaciones por despido de las empresas. O sea que el Estado pagará los despidos que hasta ahora el empresario cubría con los aportes patronales.

El proyecto establecía una cuota del 3 por ciento de la remuneración, con la cual el empleado financiará su futura desvinculación. El monto que el FAL tomará de la caja previsional será de casi 4 billones de pesos.

Las vacaciones seguirán siendo pagas, pero ya no las elegirá el trabajador. Ahora, el empleador es quien decidirá el momento del año para otorgarlas. Esto quiere decir que ya no regirá la libertad para que, por ejemplo, un matrimonio elija hacer coincidir sus vacaciones para viajar en familia.

El empleador será quien otorgue a discreción el descanso entre octubre de un año y abril del siguiente. Los tramos no podrán ser menores a siete días y al menos una vez cada tres años podrán ser concedidas en verano.";pagina 12
6;2026-02-22;Página|12; Hernán Letcher;El futuro del trabajo con la reforma laboral;"El último jueves se votó la reforma laboral en la Cámara de Diputados. La vuelta al Senado para su aprobación final parece ser sólo un trámite y permitirá a Javier Milei pavonearse, en la apertura de sesiones, con las “virtudes” de la reforma ¿Cuáles? Las del relato oficial.

El domingo pasado, Pagina/12 publicó la nota titulada “Mitos de la Reforma Laboral”, que desarmaba los argumentos del Gobierno en relación a los beneficios de la ley laboral. En respuesta, el Instagram oficial de la Libertad Avanza realizó un posteo, con una imagen titulada “Mito vs Realidad”. Sugiero mirarla de primera mano porque cualquier descripción corre el riesgo de parecer exagerada. El posteo detalla: “Mito: la reforma viene a sacarle derechos a los trabajadores”, “Realidad: la reforma te va a dar más derechos”; “Mito: va a haber menos trabajo”, “Realidad: la nueva ley generará más trabajo”. Una verdadera escala superior de la desargumentación.

Pero ¿cuál es el futuro del mundo del trabajo con esta reforma? Ni modernización, ni más derechos, ni formalización laboral, ni mejores jubilaciones.

¿Una plataforma a la modernización? El gobierno repitió que la reforma es una ley de modernización, porque incluye un apartado vinculado a los trabajadores de plataformas. Sin embargo, la norma votada excluye, en su primer artículo, a los trabajadores de plataformas de la Ley de Contrato de Trabajo. Es decir, reafirma que no existe relación laboral y que son trabajadores independientes (porque pueden administrar sus tiempos, los pedidos que aceptan, etc). Y, en segundo lugar, el apartado de regulación específica sólo confirma la relación como un contrato no laboral. Si bien no es habitual, el articulado específico podría haber contenido obligaciones y derechos asimilables a las de una relación laboral. Pero no. La promesa de flexibilidad horaria y derechos laborales no es tal: un trabajador, cuando elige un horario determinado, o si no trabaja todo el tiempo que la app “sugiere”, ´puede ser sancionado, bloqueado, desafectado del ranking, o con baja en evaluaciones. El régimen termina siendo una declaración de principios, letra muerta.

Pasados por agua. Entre gallos y medianoche, en el artículo 1 de la reforma laboral se excluyó de la Ley de Contrato de Trabajo “al personal embarcado comprendido en el régimen de la Ley de Navegación Nº 20.094 y sus modificatorias, sin perjuicio de las normas de las Convenciones Colectivas de Trabajo que resulten aplicables”. Esto implica volver a la Ley de Navegación ¿Qué dice esa norma? Establece la relación como contrato de ajuste, sin vínculo laboral entre la empresa y el tripulante. Es decir, la relación es efímera (cuando termina el viaje... fin) y obliga a discutir, con cada contrato las vacaciones, la antigüedad, la indemnización, las licencias, el salario. Lo máximo a lo que se puede aspirar es a que, si se trabaja 180 días con sucesivos contratos de ajuste, el trabajador pueda quedar efectivo. Es el sueño húmedo de algunos empresarios de convertir a la pesca en una actividad zafrera, con el único objetivo de ganar más y no hacer el esfuerzo por planificar su producción a lo largo del año. No sólo la actividad no es equiparable a la zafra (requiere de conocimiento y especialización), sino que, peor aún, se decidió incluir la cláusula para toda la marina mercante. Nada de modernización: es ajuste laboral clásico y regresivo, trabajo con subordinación y sin protección.

Aunque el caso refiere a los embarcados, representa el esquema de deslaboralización buscada por el gobierno. Tanto en la propuesta para trabajadores de plataforma, como con los embarcados y, en el resto de los gremios, con el final de la ultraactividad y la promoción de acuerdos individuales, se impone un modelo donde el trabajador es una especie de empresa individual que celebra contratos con otra empresa, en la esfera civil, no laboral. Además, la exclusión de los trabajadores embarcados de la Ley de Contrato de Trabajo es el paradigma de modelos: mientras los trabajadores promueven un país en base a acuerdos entre trabajadores y empresarios (no una Argentina sin empresarios), los empresarios más grandes trabajan por un país sin sindicatos.

¿Qué une a Canadá, Perú y San Juan? La deslaboralización mencionada no es un hecho aislado sino un compromiso de Milei con algunos grandes empresarios extranjeros. Pocos repararon en el posteo del Presidente, en la última semana, de una entrevista a Robert Mc Ewen ¿Quién es Robert Mc Ewen? Un megaempresario minero canadiense “enamorado de Milei”, según sus propias palabras. En una entrevista publicada en Forbes, en abril de 2024 mientras en Argentina se discutía el Régimen de Grandes Inversiones (RIGI), el empresario relató su historia. Dijo que, hace años, compró “una mina sindicalizada, con un acuerdo que estaba vigente hace 40 años y que yo quería cambiar porque lo veía muy perjudicial para la empresa. Entonces, iniciaron una huelga que duró 46 meses... Cada vez que volvíamos a la mesa de negociaciones, les ofrecía menos dinero que antes”. Y agregó “yo sabía que era algo que había que hacer. Y, al final del día, el sindicato decidió irse.... Y después de que terminó la huelga ... nuestro costo de producción pasó de 360 dólares por onza a 60 dólares”. Logró pulverizar el salario de los trabajadores.

Este empresario se reunió con Milei a finales de 2023. “¿Le pediste algo (a Milei) en particular para poder desarrollar el proyecto?” preguntó el periodista de Forbes. “Estamos buscando libertad para mover el dinero de un lado a otro, traerlo al país sin que el dinero sea confiscado. Y luego, cuando estás obteniendo ganancias, estás reinvirtiendo en el país, pero también quieres sacar ganancias del país. Quiero decir, cualquiera que dirija un negocio no comienza un negocio para dejar todo su dinero allí”, a lo que agregó los ejes principales de la propuesta del RIGI: baja de impuestos, libre disponibilidad de divisas, altos márgenes de rentabilidad. Desde este punto de vista, la reforma laboral resulta una parada inevitable en el camino para cumplir con el compromiso asumido con Mc Ewen: generar las condiciones para reducir el salario y costo laboral a un quinto del valor actual.

La mención resulta oportuna en una Argentina donde, en la misma semana en que cerró FATE, se anunció el financiamiento del proyecto Vicuña, en San Juan, que producirá cobre, oro y plata. El primero dejó 920 personas en la calle. El segundo, generará, apenas, unos 600 puestos de trabajo cuando esté funcionando al ciento por ciento, recién en varios años ¿Es posible compensar unos con otros? La reconversión de empresas que cierran y de trabajadores que pierden su trabajo, al rubro minero luce irrealizable ¿un empresario pyme metalúrgico del conurbano bonaerense debería reconvertirse en empresario minero en la cordillera? ¿quién lo financia? ¿los trabajadores deben mudarse e intentar conseguir un trabajo en un sector que genera apenas 28 mil puestos de trabajo registrados? ¿cuántos puestos genera una y otra actividad?

Como si fuera poco, también en la misma semana, Perú destituyó a su Presidente, por enésima vez. Obvio que se mantuvo en su cargo el eterno titular del Banco Central peruano, Julio Velarde. Perú, para Milei, es el futuro deseado de la Argentina. Recordemos que el 8 de agosto del año pasado, en un streaming conducido por Alejandro Fantino en Neura, se presentó la plana mayor del equipo económico, Santiago Bausili, Santiago Caputo y Rubén Daza y promediando la entrevista, el presidente del Banco Central sostuvo: “Mirá los países que hicieron la tarea consistentemente en el tiempo. Y no te voy a llevar a Suiza, a Estados Unidos, a Irlanda, sino países como Paraguay, Uruguay, Perú. Esas sociedades viven tranquilas. Nadie habla de economía, nadie habla de tipo de cambio. La inflación está debajo del 5% anual ¿Qué hicieron?, se ordenaron e hicieron las cosas como se tienen que hacer”. Y continuó elogiando un caso en particular: “Perú tiene el 70% del mercado laboral en la informalidad”. “¿En la informalidad?”, preguntó el conductor Fantino, incrédulo. “Sí. Pero tiene una macro economía ordenada”, aclaró Bausili. La reforma laboral es un paso inevitable para logran el 70/30.

El FAL y RIFLe contra los jubilados. La reforma incluye dos programas: el FAL y el RIFL. Si, así como lees. Tal vez el nombre lo pensó Patricia Bullrich, abonada históricamente a perjudicar y reprimir/detener jubilados

¿De qué se tratan estos programas? El primero es el Fondo de Asistencia Laboral, que le quitará recursos a las jubilaciones para pagar las indemnizaciones. Estamos hablando de unos USD 2.500 millones anuales, que afectará los recursos destinados a pagar a jubilados y al PAMI. El segundo, es un programa que reduce 85% las contribuciones patronales para nuevas contrataciones. Este último, bajo el argumento de que lo necesitan las PyMEs, impulsa una reducción de contribuciones horizontal, es decir, para todas las empresas ¿Cuál es la justificación para reducir contribuciones patronales a empresas multinacionales de alta rentabilidad condicionando así los recursos de la Seguridad Social? El RIFL merece un cálculo sencillo pero ilustrativo: si se reducen 85% las contribuciones, significa que, para recaudar lo mismo que se recauda hoy con un nuevo trabajador para Seguridad Social, se necesitarán casi 7 contrataciones nuevas. Dicho en criollo: se necesitan 1,4 millones de puestos de trabajo nuevos para compensar los 200 mil puestos de trabajo registrado privado perdidos desde que asumió Milei ¿No era que el problema era la baja relación entre trabajadores activos por cada trabajador pasivo?";pagina 12
7;2026-03-07;Página|12; Mara Pedrazzoli;El impacto de la reforma laboral;"El Gobierno reglamentó en la madrugada de este viernes la llamada ley de Modernización Laboral y formalizó su entrada en vigencia como Ley N° 27.802, publicada en el Boletín Oficial con fecha 6 de marzo. La norma quedó así oficialmente promulgada tras un prolongado debate en el Congreso con sanción definitiva en el Senado una semana atrás. Estos son algunos de los cambios que ya empezarán a regir e implican una enorme transferencia de poder y de recursos del sector trabajador al empresario.

Despidos e indemnizaciones

“La primer discusión será por el cálculo de las indemnizaciones en los nuevos despidos. Esto es un tema clave porque actualmente se está despidiendo gente. Los trabajadores tendrán la posibilidad de plantear judicialmente que tienen un “derecho adquirido” y que la ley que aplica es la del momento en que fueron contratados, y no la modificación que incorpora la reforma, pero en muchos casos irán a juicio”, sostiene Matías Cremonte, abogado y presidente de la Asociación Latinoamericana de Abogados Laboralistas.

A partir de la nueva ley, la indemnización por despido sin causa considera únicamente la remuneración mensual normal, excluyendo conceptos como el aguinaldo, las horas extra, premios y bonos. Además, se podrá pagar en hasta 12 cuotas.

“Como discusión general, las leyes ni crean ni destruyen puestos de trabajo: eso tiene que ver con la actividad económica. Y es muy difícil predecir en este contexto que pasará con la actividad, no solo por consideraciones locales sino por la crisis en el resto del mundo. Lo que la ley sí puede hacer es generar incentivos para una mayor o menor formalidad, y afectar a la rotación de la fuerza de trabajo”, afirma Luis Campos, abogado y coordinador del Observatorio del Derecho Social de la CTA Autónoma.

La reforma laboral introduce la figura del “trabajador independiente con colaboradores”, una categoría que redefine los criterios para presumir la existencia de una relación laboral con personas que facturan de manera habitual. Bajo este esquema, “será el propio trabajador quien deba demostrar ante la Justicia que, en realidad, existía una relación de dependencia”, explica Campos.

Desde la Ley Bases existen más incentivos para precarizar, con la eliminación de las multas por no registro. “De hecho, aumentó la cantidad de trabajadores formales contratados a través de modalidades no laborales, es decir, como monotributistas —que cuentan con una cobertura mucho más limitada dentro de la legislación laboral— en lugar de empleados en relación de dependencia”, señala.

La reforma también genera incentivos a la rotación laboral: a que se pueda despedir muy rápido con bajo costo. “Esto no necesariamente implica una caída del empleo en términos agregados, pero lleva a que otras actividades adopten una dinámica que hoy se ve en el rubro de la construcción. Así, el empleo va a reaccionar más rápido a los cambios en la actividad económica, y el riesgo del ciclo recaerá sobre los trabajadores y no sobre el empresario”, continúa Campos.

Respecto al Fondo de cese recién se aplicará en 6 meses a todas las actividades, según la normativa.

La nueva ley “va a generar algo menos visible, pero fundamental, que es un incremento muy fuerte de la disciplina patronal en el puesto de trabajo. Reclamar individual o colectivamente va a ser mucho más difícil si se empiezan a usar como premios y castigos las vacaciones o los bancos de horas. Además que el derecho a huelga queda sensiblemente limitado por la expansión de las actividades consideradas esenciales”, resume Campos.

Entre los cambios figura el “salario dinámico”, que podrá establecerse en convenios colectivos y vincular la remuneración con el desempeño o mérito individual del trabajador. Por otro lado, habilita a fraccionar las vacaciones en tramos de al menos siete días consecutivos. Y también establece la normativa de banco de horas: la jornada diaria puede extenderse hasta 12 horas.

“El banco de horas actualmente se aplica en algunas terminales automotrices en acuerdo con el sindicato, pero podría extenderse a muchas otras actividades, como los shoppings y otras industrias. Si bien la ley establece que sea de común acuerdo entre los sindicatos y las empresas”, completa Cremonte. Respecto del salario dinámico, las empresas también deben notificar a los sindicatos, y sobre la ultractividad “la ley establece que la Secretaría de Trabajo puede renegociar los convenios colectivos en el plazo de un año y medio, entonces en la práctica para que los convenios no caigan puede ocurrir que el sindicato acepte cláusulas que no se incoporarían en otra discusión”, completa el especialista.

Otra cuestión importante es el cambio histórico en la jurisdicción de los pleitos laborales que ocurren en Capital Federal. El ámbito pasó de la justicia nacional –los fallos eran revisados por la Cámara Nacional de Apelaciones del Trabajo- al fuero de judicial de la Ciudad de Buenos Aires, y el tribunal máximo que revisará estos procesos será el Tribunal Superior de Justicia de la Ciudad. Los juicios que ya están en curso seguirán su trámite en el fuero federal, pero los nuevos se tramitarán en los juzgados porteños.";pagina 12
