titulo_o_fuente,texto,origen
"Reforma laboral: frágiles, atomizados, individualizados - Revista Anfibia","El modelo social, como se ha conceptualizado en la literatura, no es solo una estructura económica, sino una arquitectura institucional históricamente consolidada que gestiona las relaciones entre el mercado, el Estado y la sociedad. Refleja cómo se coordina el mercado laboral con los sistemas de protección social a los cuales Argentina ha llegado por varias vías institucionales, a veces con mayor éxito y otras con mayores desgracias.
Este pacto institucional parece estar cambiando de forma estructural.
Estudios recientes de nuestro equipo en el Instituto Gino Germani muestran dinámicas preocupantes en el mercado laboral, caracterizadas —de manera deliberada o no— por lo que podría definirse como un (no) modelo. Más allá del cierre de fábricas y la aceleración de quiebras, cuyo caso más emblemático es Fate, los datos oficiales —técnicamente cuestionables y objeto de una profunda deslegitimación académica— muestran una tendencia regresiva: el empleo formal cayó a su mínimo histórico (45%), con 407 mil puestos destruidos y apenas 226 mil precarios creados. El 72% de los ocupados gana menos que la canasta básica y uno de cada cinco trabajadores con jornada completa es pobre, lo que genera casi como humorada la desaceleración del divorcio y padres y madres que pasan un mayor tiempo en casa. El pluriempleo afecta al 12%, mientras la industria y la construcción se contraen frente a servicios precarios. La pobreza bajó al 31,8% por ingresos informales frágiles, no por empleo de calidad: dos tercios de la fuerza laboral padece precariedad o desocupación.
Vivimos un momento particular.
La reforma laboral que impulsa el gobierno de Javier Milei cambia las reglas de juego entre empleados y empresas, entre el trabajo y el capital; y el árbitro —el Estado— comienza a ser profundamente parcial.
Un punto crítico del proyecto es la modificación del sistema de indemnizaciones por despido, donde se reemplaza el esquema tradicional por fondos de cese laboral o sistemas de capitalización individual, similares a los vigentes en la construcción. La propuesta legislativa contempla ampliar el período de prueba más allá de los tres meses, estableciendo una duración variable que podría extenderse hasta seis u ocho en función del tamaño de la empresa.
Para los contratos antiguos, la nueva ley marca un quiebre: si un trabajador con muchos años de servicio es despedido tras su promulgación, el cálculo de su liquidación se regirá íntegramente por las nuevas reglas, sin considerar su antigüedad previa. Además, la jornada laboral podrá extenderse hasta 12 horas.
La reconfiguración global de las economías, marcada por el desarrollo tecnológico, la modernización de los procesos productivos y el crecimiento exponencial del sector de servicios, ha actuado como un poderoso motor de cambio social. En nuestra particular economía, un grueso de la misma está despojada de la protección, la tecnología, la mayor productividad y de un potencial bienestar. Más allá de las métricas puramente económicas, estos fenómenos han contribuido decisivamente a la erosión de las solidaridades colectivas tradicionales y al ascenso de un individualismo contemporáneo que redefine las expectativas de los ciudadanos frente al mercado, el Estado y la comunidad.
El núcleo de esta transformación reside en una mutación profunda de la estructura laboral y social. La modernización ha propiciado la emergencia de nuevas clases medias de servicios, cuyo espacio de trabajo difiere radicalmente del de la fábrica fordista. Estos profesionales ya no se agrupan en grandes plantas industriales; sino que trabajan en pequeñas oficinas, microempresas o de forma autónoma, en entornos donde la interacción social es débil y fragmentaria. Este proceso de socialización frágil y atomizado fomenta estrategias de desarrollo estrictamente personales e individuales. La antigua lealtad a una gran compañía, que ofrecía una carrera vitalicia y un sentido de pertenencia colectiva se desvanece frente a la lógica del proyecto personal, la empleabilidad y la marca individual.
Paralelamente, la atomización del tejido industrial —con la externalización de servicios, la deslocalización y el auge de las plataformas digitales— ha quebrado los comportamientos colectivos que antes surgían de la experiencia compartida en el espacio de trabajo. Este fenómeno es, en gran medida, un efecto directo de la segmentación de los mercados laborales, que divide a los trabajadores entre un núcleo estable y cualificado y, por otro lado, una periferia precaria y desprotegida.
La consecuencia más visible de este proceso es el declive histórico de las tasas de afiliación sindical. Los sindicatos, diseñados para representar a masas de trabajadores homogéneos en industrias concentradas, encuentran enormes dificultades para organizar a una fuerza laboral dispersa, diversa y a menudo individualista en sus aspiraciones. Y no fueron solamente los baluartes de las conquistas sociales de los más débiles, sino que, incluso fuera de Argentina, pudieron conseguir, en sus procesos de demanda, mejores resultados distributivos.
En lugar del antiguo “obrero-masa”, colectivo y con identidad de clase, hoy emerge una figura laboral más aislada. Este vacío no ha quedado desierto, sino que ha sido ocupado por formas de microcorporativismo. El individuo negocia de forma aislada sus condiciones con su empleador o, en el mejor de los casos, busca soluciones privadas a riesgos que antes eran colectivos (seguros de salud, planes de pensiones privados, horas extras, vacaciones). Este proceso de transformación, incubado desde la década de 1980, encontró en el pensamiento neoliberal su principal soporte ideológico. Su prédica a favor de la flexibilidad, la desregulación y la responsabilidad individual ha proporcionado el marco intelectual que justifica y acelera estas dinámicas.
El individualismo de mercado es pragmático y radical. Concibe al individuo como un agente autónomo que compite en una esfera mercantil con reglas mínimas. Su referencia jurídica, como plantea el investigador Antonio Martín Artiles, de la Universidad Autónoma de Barcelona, es el “common law”, flexible y basado en la jurisprudencia, que refleja esta concepción de un orden espontáneo y descentralizado. El Estado es visto con recelo y su rol queda relegado a garantizar contratos de carácter asimétrico, pero no el de un proveedor activo.
El individualismo institucionalizado, en cambio, se desarrolla dentro de un marco de instituciones robustas. Propio de culturas corporativistas, este modelo concibe al individuo como un titular de derechos y deberes precisos, garantizados por un Estado fuerte y un sistema de negociación colectiva. Su tradición jurídica es el derecho corporativo germánico, codificado y sistemático. Aquí, la autonomía individual no se opone a la solidaridad institucional, sino que se ejerce a través de ella.
Frente al avance de un espectro individualista, la cultura colectivista —cuyo principal exponente es la organización sindical— responde a una lógica sustancialmente distinta. Este paradigma ancla las expectativas de protección social en la ley, el Estado y la autoridad pública, configurando una visión jerárquica del orden social en la que el individuo se integra y es resguardado por marcos colectivos definidos desde arriba: la familia, el gremio, la nación, el partido. Sin embargo, este enfoque retrocede de manera constante ante la expansión de la modernización capitalista, la mercantilización de las relaciones sociales y el avance de la ideología del mérito individual.
El período actual de restauración conservadora y neoliberalismo extremo puede interpretarse sociológicamente como una reacción a la desestabilización de los órdenes tradicionales acelerada por la globalización y las crisis económicas. Se observa una lucha por la imposición de un nuevo “sentido común” que naturaliza la mercantilización de la vida (biopolítica neoliberal) y restaura jerarquías sociales y culturales percibidas como amenazadas, como los privilegios de la elites, la expectativa de ganancia empresarial y un mundo a ser vívido en su plenitud por los más ricos. Se manifiesta como una recomposición de alianzas de clase, donde élites económicas aprovechan el malestar social (precariedad, pérdida de identidad) para promover un individualismo competitivo radical y desmantelar estructuras de solidaridad colectiva.
Este período encarna la paradoja del neoliberalismo como orden antipolítico: al reducir a la ciudadanía a la mera gestión empresarial de sí misma, vacía la esfera pública y socava los fundamentos de la democracia deliberativa. Sobre ello se intenta desmantelar la protección de trabajadores y trabajadoras, pero sobre el propio proceso de desmantelamiento a la luz de los resultados sociales, parece iniciarse una lenta corrosión de un modelo hierático.",web
Reforma laboral no hay una sola - Revista Anfibia,"Con el proyecto de reforma laboral del Gobierno quedan atrás los palabrerios cargados de incertezas: qué tan vetusto es el modelo actual, cuáles son los vectores de la adaptación al nuevo orden tecnológico y comercial global, y si este modelo —erigido a mediados del siglo XX y tantas veces reformado— debe ser definitivamente desarticulado, reconstruido o actualizado. Es una afirmación incómoda: para el gobierno libertario —y para todos los gobiernos neoliberales antes que él— las reformas laborales son un elemento central del programa económico.
Desde la oposición, el planteo respecto al mundo del trabajo es que el principal problema está en otra parte: las leyes laborales no crean empleo. Una verdad incontrastable, pero tal vez insuficiente. Entonces, ¿hace falta una reforma laboral? ¿La política del trabajo y sus regulaciones son tan centrales para el peronismo como lo son para los libertarios? ¿Qué lugar ocupa una reforma laboral en un programa inclusivo de crecimiento y desarrollo?
Una reforma perfecta
El proyecto de Ley de Modernización Laboral es la reforma de un modelo que apunta a transformar de raíz la estructura productiva y a promover lo que Schumpeter llamó una “destrucción creativa”: una destrucción de buena parte del tejido productivo –industrial–, como supuesta condición para el fortalecimiento de otros sectores, como el complejo energético y la minería.
Para dinamizar este proceso, promueve la rotación laboral y abarata los despidos mediante la creación del Fondo de Asistencia Laboral y a través del financiamiento estatal. Equivale a resignar 2.500 millones de dólares anuales del sistema previsional en concepto de contribuciones patronales. Si se aprueba esta norma, el modelo no permitirá ningún tipo de reconversión productiva que habilite la supervivencia de las empresas. El único camino será la mera destrucción —creativa, pero destrucción al fin— de un sinnúmero de empresas y un tendal de desocupados y puestos precarios.
Para lograr un país sin industria se necesita un país sin sindicatos. ¿O es al revés? Igual da.
Es la reforma laboral de un esquema macroeconómico cuya política antiinflacionaria tiene entre sus anclas principales la contención de los salarios. Con ese objetivo, institucionaliza la autoridad del Estado para fijar un techo a las paritarias.
El proyecto busca consolidar un modelo que no se apalanca sobre el mercado interno. Por ello, no precisa garantizar pisos salariales ni de derechos que fortalezcan el consumo local. Por eso descentraliza la negociación colectiva y permite que los acuerdos a nivel de empresa contengan peores condiciones que los que se negocian a nivel sectorial. Y también legaliza el fraude laboral promoviendo la contratación de trabajadores a través del monotributo.
La reforma laboral de Milei se integra a un modelo que abre indiscriminadamente las importaciones, y que a las empresas más afectadas les deja como única alternativa la subsistencia en base al pago de bajos salarios. Para eso también sirve la descentralización de la negociación colectiva y la institucionalización del techo a las paritarias.
Los sindicatos, para este esquema, son un claro obstáculo, porque pueden retrasar la “destrucción creativa” que afecta a los sectores intensivos en mano de obra, y pueden resistir el avance de una economía en base a salarios bajos y ausencia de derechos laborales. Por eso, el proyecto de ley busca ahogar financieramente a las organizaciones de los trabajadores, comprometer su sustentabilidad económica y limitar severamente la acción gremial.
Para lograr un país sin industria se necesita un país sin sindicatos. ¿O es al revés? Igual da.
Según este modelo de país, el bienestar de los trabajadores nunca —en ninguna circunstancia, ni territorio, ni tiempo— puede estar por sobre la rentabilidad de las empresas. Para eso la reforma laboral impulsa el banco de horas y otras formas de flexibilización de la jornada que desorganizan la vida de los trabajadores, elimina o debilita regímenes de protección a colectivos específicos (ley de teletrabajo, estatuto del periodista, entre otras) y convalida la precariedad del trabajo en plataformas.
Esta es la reforma, en definitiva, de quienes creen que los sindicatos, las leyes laborales y la negociación colectiva —instituciones que la Argentina se dio a sí misma después de 1983— son el principal obstáculo para que se radiquen inversiones y la economía crezca. El gobierno nacional está construyendo un modelo de país. Esta es la reforma laboral que necesita para eso. Una que desarticule instituciones construidas en democracia.
Qué reforma necesita Argentina
Un modelo de desarrollo con inclusión necesita esencialmente una reforma laboral que integre ese programa. Las reformas laborales no resuelven los problemas que el desarrollo —o, mejor dicho, la falta de desarrollo— deja tendidos. Pero son componentes clave de los modelos económicos y productivos que tienen entre sus principales prioridades la generación de trabajo de calidad. Por eso es importante definir cómo se articula la regulación del trabajo con ellos.
Los modelos de desarrollo que encuentran en el mercado interno un factor de dinamismo precisan reformas laborales que fortalezcan la demanda y, en particular, los niveles de consumo de los trabajadores. Para eso, incorporan esquemas de negociación colectiva que no profundizan las asimetrías naturales entre capital y trabajo, sino que las moderan. También priorizan la recuperación del salario mínimo, vital y móvil para incentivar el crecimiento de los ingresos de los trabajadores que se encuentran en la base de la pirámide salarial, e incluyen mecanismos de participación de los trabajadores en las utilidades de las empresas, de modo que los frutos de las mejoras en la productividad sean compartidos.
Esta es la reforma de quienes creen que las leyes laborales y la negociación colectiva son el principal obstáculo para que se radiquen inversiones y la economía crezca.
Los modelos de desarrollo que priorizan el fortalecimiento del mercado interno encuentran en los sindicatos un actor fundamental para consolidar la demanda e impulsar el consumo de quienes trabajan. Por eso, precisan asociaciones gremiales que participen activamente en la puja distributiva, promoviendo mayor equidad en la distribución de la riqueza. En consecuencia, otorgan un marco de garantías a la acción gremial y fortalecen los recursos de las organizaciones sindicales.
Los modelos de desarrollo cuyas políticas antiinflacionarias no se basan en la contracción salarial necesitan reformas laborales que impulsen mecanismos suprasectoriales de coordinación salarial, para promover el crecimiento del poder adquisitivo de los ingresos en una evolución acompasada de salarios, precios, tarifas y otros indicadores clave de la economía.
Los modelos de desarrollo centrados en la innovación, la incorporación de tecnologías, la generación de valor agregado y que apuntan a mejorar la competitividad por la vía alta —en base a la mejora de procesos y productos—, necesitan estrategias de incremento de la productividad de las empresas que no se basen en la intensificación y la híper explotación del trabajo. Por el contrario, necesitan trabajadores formados, comprometidos con sus empresas, que sean una fuente de innovación y pongan sus conocimientos al servicio de la mejora de la producción. Que sean reconocidos y bien remunerados por ese aporte. Para eso, las reformas laborales inclusivas incorporan mecanismos de participación de los trabajadores en la organización del trabajo, de reconocimiento de los saberes que esos trabajadores ponen a disposición de la producción y de distribución de la rentabilidad que surge como consecuencia del incremento de la productividad. Y con ese objetivo, las leyes fijan estándares laborales que incentiven a mejorar la competitividad de las empresas para alcanzarlos. Porque, a contramano del sentido común más ortodoxo, el debilitamiento de los derechos laborales no mejora la competitividad sino todo lo contrario, desincentiva la innovación porque habilita estrategias de negocios basadas en salarios bajos e incumplimiento de derechos.
Los modelos de desarrollo que buscan fortalecer la competitividad de las PyMES pero, a la vez, pretenden no dinamitar los ingresos del Estado, precisan reformas laborales y tributarias que incluyan esquemas progresivos de contribuciones patronales, que reduzcan al mínimo la carga de las empresas más chicas y compensen con las que tienen más margen para aportar.
Esos modelos de desarrollo precisan relaciones laborales a largo plazo, que puedan sostenerse incluso en contextos de crisis. Para eso necesitan reformas laborales que desincentiven la rotación laboral y políticas de estabilización del empleo que ayuden a las empresas a no tener que echar trabajadores en circunstancias de dificultades económicas porque, sobre todo para las PyMES, después es muy difícil volver a formarlos.
Los modelos de desarrollo que buscan un equilibrio entre la necesidad de rentabilidad de los empresarios y el bienestar de los trabajadores precisan reformas laborales que armonicen esos dos elementos. Esto implica definir condiciones laborales que aseguren el ejercicio efectivo de los derechos; establecer estándares que protejan la salud y seguridad laboral; diseñar formas de organización del tiempo de trabajo y de las vacaciones que respondan tanto a las necesidades operativas de las empresas como a las preferencias y expectativas de los trabajadores, entre otros conceptos.
Esa sería una reforma laboral que, en democracia y con el reconocimiento del protagonismo de los actores sociales, puede señalar un horizonte posible y deseable de producción y trabajo.
Sí, hace falta una reforma laboral
No solamente por las urgencias del mundo del trabajo, que son muchas, sino porque es urgente mejorar sustancialmente las condiciones de trabajo de quienes ya están protegidos por derechos laborales. Es urgente ampliar la protección efectiva con derechos laborales a todos los trabajos —asalariados e independientes— que hoy tienen vedado el acceso a la estabilidad, el descanso remunerado y una jubilación digna. La justicia social no puede llegar por vía judicial cuando los daños ya están hechos o cuando la precariedad ya está consagrada.
Una reforma laboral inclusiva es necesaria para atender mucho más que urgencias. No es la última milla del crecimiento y el desarrollo sino su condición. No es la posibilidad del derrame ni del goteo sino un componente esencial del vaso lleno. No es solamente el factor que haría inclusivo a un modelo o que garantizaría una distribución más equitativa del ingreso sino un componente esencial del desarrollo y la estabilidad política. Es un elemento central de un proyecto de país que crezca con inclusión.",web
A la derecha no le alcanza una reforma laboral - Revista Anfibia,"—Yo soy un laburante, vivo día a día. Todos los días a las 5 de la mañana me levanto. Perdóneme pero sé lo tengo que decir, con respeto: estamos mal. La gente está decayendo. No importa el gobierno pasado. Haga algo usted ahora. Ahora.
Era febrero de 2019. El entonces presidente Macri recorría un complejo de viviendas del plan Procrear en la Ciudad de Buenos Aires y recibió el reclamo por parte de un obrero de la construcción. Posiblemente Argentina sea el único país de Latinoamérica en el que podría haberse dado una escena de este tipo: un trabajador se dirige de manera imperativa a la máxima autoridad política del país y le exige soluciones. Esa intervención es representativa de una particularidad distintiva del trabajo y la organización social en nuestro país.
El sueño de la derecha: refundar el mundo del trabajo
A la derecha no le alcanza con una reforma laboral. Aspira a refundar el mundo del trabajo en nuestro país.
Su desprecio a los “70 años de peronismo” expresa una frustración visceral, una desilusión estructural con el modo en el que se conformó nuestra sociedad. Y creen que ahí está la clave de todos nuestros males.
Desde principios del siglo XX Argentina se distinguió en el contexto latinoamericano por sus niveles de integración social. Esa particularidad forjó —y seguramente también fue forjada por— un sentimiento extendido de valoración de la igualdad y una aspiración de bienestar mucho más transversales a las distintas clases sociales que en otros países de la región. En nuestro país un trabajador de la construcción se reconoce con pleno derecho a defender esas aspiraciones ante el propio presidente de la nación. La fortaleza del sindicalismo argentino seguramente tenga algunas de sus raíces en ese imaginario. Si hasta los trabajadores informales y desocupados arman un sindicato. No un movimiento social. Un sindicato.
Su desprecio a los “70 años de peronismo” expresa una frustración visceral, una desilusión estructural con el modo en el que se conformó nuestra sociedad. Y creen que ahí está la clave de todos nuestros males.
Para la derecha, entonces, la razón principal de los problemas del país radica justamente en esas particularidades. En que los sectores populares tienen pretensiones de consumo y bienestar que son supuestamente incompatibles con el desarrollo económico. Creen que la condición de posibilidad para que la economía vuelva a crecer de manera sostenida es terminar con esas aspiraciones “desmedidas” de los trabajadores y con las organizaciones a través de las cuales, con mayor o menor efectividad, pelean por ellas. Su solución ante este desafío es la refundación. Eso expresan con la consigna “todo o nada”. Quieren gobernar un país con el que están profundamente enemistados.
Lo que dicen y lo que esconden las promesas de campaña
El capítulo sobre el mundo del trabajo de esta campaña electoral trajo una novedad. Si en otros momentos históricos preferían no anticipar sus programas de flexibilización, ahora tienen la convicción de que esas ideas son atractivas para el electorado.
Sin embargo, no todo es tan transparente. Lo explícito de la propuesta es la reforma. Lo implícito es la refundación.
Repasemos brevemente las iniciativas que hicieron públicas.
1. Extender el período de prueba
El período de prueba es ese lapso temporal en el que los empleadores prueban a sus trabajadores y pueden despedirlos sin tener que pagarles una indemnización. Actualmente, la ley establece una duración de tres meses. Prometen ampliarlo a seis, bajo el supuesto de que un empleador necesita ese tiempo para asegurarse de que un trabajador va a cumplir adecuadamente con las tareas.
Además, según el libreto neoclásico, al relajar las barreras de entrada al mercado de trabajo se impulsa la generación de empleo. Empresarios con menos compromisos para con sus trabajadores son empresarios más proclives a contratar, según postulan. Exactamente lo mismo rezaba el primer artículo de la llamada Ley Banelco, aprobada por el gobierno de la Alianza en el 2000, en medio de un escándalo de corrupción.
Pero la conjetura no fue validada por la realidad. No sucedió con la Alianza y tampoco va a suceder ahora. Flexibilizar la entrada al mercado de trabajo no hace crecer el empleo. El único efecto es que los puestos de trabajo que eventualmente se creen serán temporales y no estables. Precarización laboral y mayor incertidumbre para los trabajadores. La profundización de un modelo dual más fragmentado, en el que algunos trabajadores gozan de estabilidad y muchos otros saltan de un trabajo a otro.
2. Bajar las indemnizaciones
Así como la extensión del período de prueba pretende flexibilizar la entrada de trabajadores al empleo, la eliminación de las indemnizaciones busca facilitar su salida. En el fondo, el concepto es el mismo: empresarios que si despiden a sus trabajadores no tienen que pagar indemnizaciones serían más proclives a contratar y a formalizar.
Pero hay dos características de nuestro mercado de trabajo que ponen seriamente en cuestión esa afirmación. En primer lugar, hay una realidad que es contraintuitiva. Sólo uno de cada cuatro empleos se termina por un despido sin causa (las únicas desvinculaciones en las que corresponde una indemnización a los trabajadores). El resto es por renuncias, por finalización de contratos por tiempo determinado, por jubilaciones u otras razones por las que no se debe pagar una indemnización o se paga una muy menor a la del despido sin causa.
En segundo lugar, las indemnizaciones que tienen que pagar los empresarios que despiden sin causa son en general bajas porque la antigüedad promedio de los trabajadores en sus empleos es baja. Más de la mitad de los empleos en nuestro país tienen una antigüedad que no supera los dos años.
La propuesta parece estar sobredimensionando un problema poco extendido. El énfasis de la política pública debería estar en el diseño y la implementación de políticas vinculadas a la transición de los trabajadores entre un empleo y otro, pero no en aumentar la rotación de un mercado laboral que ya de por sí es alta, aunque no se explique por los despidos.
3. “Terminar con la industria del juicio”
Llaman “terminar con la industria del juicio” a eliminar los resarcimientos que los empleadores deben pagar a los trabajadores que contrataron de manera informal. Pero en verdad se trata de retirar de la ley uno de los pocos desincentivos a la contratación laboral informal. Las llamadas multas por trabajo no registrado están vigentes desde los años ‘90. Antes, la informalidad laboral era menor pero los castigos por el trabajo no registrado eran aún más duros. Desde que existe este tipo de desincentivos, la Argentina atravesó períodos de aumento y reducción de la informalidad laboral. Estos ciclos no tienen que ver con las regulaciones sino con el desempeño de la economía y la fortaleza o debilidad de las instituciones y las políticas centradas en mejorar la calidad del empleo, como la fiscalización o la reducción de los costos de la producción.
En campaña, las propuestas en danza van desde decretar que las relaciones hoy clasificadas como informales sean consideradas formales (nuevas categorías laborales) y perdonar toda clase de sanciones por trabajo no registrado (blanqueo) hasta financiar el despido de trabajadores formales e informales (fondo de cese, Mochila Argentina, seguro de contingencias judiciales). Son técnicas que buscan aliviar la carga de las empresas para contratar a trabajadores de manera informal, antes o después de un juicio. Naturalmente, ninguna de las propuestas es abrazada por quienes serían sus beneficiarios. Todas suponen un aumento de los costos fijos de las empresas que no despiden, para financiar a las que lo hacen habitualmente. En el mejor de los casos, se trata de líneas de seguros para que las aseguradoras paguen aquello que no pagaron los empleadores.
4. Eliminar la ultraactividad de los convenios colectivos de trabajo
La ultraactividad implica que los convenios colectivos que pactan empresas y sindicatos se mantienen vigentes más allá de su vencimiento, hasta que no se apruebe uno nuevo.
Esta es una garantía para los trabajadores:les permite no tener que validar año a año los derechos conseguidos. Si no aceptan las propuestas del sector empresario saben que sostienen su situación inicial.
La propuesta de la derecha es una trampa. Si los sindicatos quisieran aumentos salariales deberían aceptar la flexibilización de derechos y, si no lo hacen, la falta de acuerdo haría vencer los convenios colectivos. A la larga, el fin de la ultraactividad implica hacer caer todos los convenios colectivos de los sindicatos que no acepten flexibilizar sus condiciones de trabajo.
Su solución ante este desafío es la refundación. Eso expresan con la consigna “todo o nada”. Quieren gobernar un país con el que están profundamente enemistados.
Según sostienen, esto permitiría actualizar convenios de más de 50 años, que no se corresponden con la realidad del sistema productivo y que suponen un obstáculo para el desarrollo, la incorporación de tecnologías y las mejoras en la organización del trabajo y la producción. Más allá de que los convenios no incentivan ni desincentivan la generación de empleo, la propuesta se asienta sobre un diagnóstico falso. Los convenios no están tan desactualizados. Además, en la práctica existe una negociación articulada que los actualiza por abajo. Ciertos convenios sectoriales se complementan y articulan con negociaciones por empresa.
La propuesta no está orientada a la modernización de los convenios colectivos. Solo buscan recortar derechos.
5. Legalizar la situación de los trabajadores de plataformas
La propuesta de un nuevo esquema para trabajadores de plataformas digitales que propone la derecha no les reconoce ningún derecho. Sólo incluye un seguro de riesgos del trabajo. Sin embargo, los trabajadores de plataformas ya tienen un seguro, aunque se lo pagan ellos mismos porque se los considera autónomos y no trabajadores asalariados o en relación de dependencia.
Los trabajadores de plataformas tienen cierta autonomía para elegir sus horarios, algo relativizada por los algoritmos que organizan su trabajo. La que la derecha pretende consagrar como absoluta.
Este reconocimiento viene de la mano de desconocer el conjunto de derechos laborales que la ley actual sí les reconoce, aunque no se cumpla. Según las normas vigentes, deben tener salario, seguro de riesgos, vacaciones pagas, licencias y toda la larga lista de derechos laborales vigentes. Lo que el marco normativo no contempla es su derecho a elegir horarios. En vez de crear nuevos derechos y reconocer los que ya están regulados, la propuesta legal consiste en dejar todo como está, adaptando en definitiva el marco normativo al modelo de negocios precarizador de las empresas de plataformas.
En todos los lugares del mundo se está innovando en regulaciones sobre el trabajo en plataformas, tomando caminos bien distintos a lo que propone la derecha. A la vista están los casos de España, Chile, Nueva York, Reino Unido y hasta la Unión Europea.
La tecnología cambió la forma de organizar el trabajo pero eso no es motivo para vulnerar derechos sino todo lo contrario. El desafío es reconocer, crear, agregar el derecho a elegir horarios a los derechos laborales que ya existen. Ya lo dijo la actriz y presidenta del sindicato de actores de Estados Unidos, Fran Drescher, en la huelga de guionistas: ""si el modelo de negocios cambia, tiene que cambiar el contrato de trabajo"". Lo contrario, lo que propone la derecha, es institucionalizar la informalidad laboral, legalizar la precariedad.
6. Condicionar y limitar la acción sindical
El condicionamiento de la acción sindical es un aspecto nodal del programa de la derecha. Fue puesto en práctica durante el gobierno de Macri con la tristemente célebre Gestapo sindical, un dispositivo para armar causas judiciales y perseguir a los dirigentes gremiales. Ahora, a pesar de que nos encontramos en momentos históricamente bajos de conflictividad, se plantea que estamos en una situación desbocada que requiere limitar la protesta social. Para eso, se propone convertir algunas de las modalidades de la huelga en delito o incluir –sin atravesar el procedimiento legal vigente– actividades como la enseñanza en servicios esenciales, limitando así el derecho de huelga. Estos instrumentos, sumados a la represión de la protesta y la persecución judicial a los dirigentes sindicales son parte del herramental que están planteando utilizar.
Hasta aquí, las propuestas explícitas de reforma laboral por parte de la derecha. Por debajo de este programa está el plan de congelar los salarios. Frenar la inflación controlando la demanda, en particular, con la reducción del poder adquisitivo de los salarios. Las instituciones laborales y el dispositivo policial quedarían al servicio de este objetivo.
La receta es clásica, conocida ,y nada moderna. La flexibilización laboral es un fuerte disciplinador de los trabajadores. La inestabilidad laboral y la discrecionalidad para despedir supone un debilitamiento aún mayor de los trabajadores, que los despoja de fortalezas para defender sus derechos y sus salarios. Sobre todo, si sus dirigentes sindicales son perseguidos judicialmente y sus herramientas de acción –como la huelga y la movilización– son limitadas por el propio Estado.
Si en otros momentos históricos preferían no anticipar sus programas de flexibilización, ahora tienen la convicción de que esas ideas son atractivas para el electorado.
Adicionalmente, la eliminación de la ultraactividad de los convenios forzaría a rediscutir desde cero todo el entramado de protección y reconocimiento de derechos que los distintos sectores de actividad fueron incorporando en sus negociaciones colectivas a lo largo de la historia. De esta forma buscan posicionar a los derechos laborales como moneda de cambio de la negociación salarial. O viceversa. Y tal como hicieron entre 2016 y 2019 planean condicionar la homologación de los convenios y los aumentos salariales al seguimiento de sus pautas.
La efectividad de esta estrategia puede ser inmediata. En la actualidad, con una inflación que supera el 100%, la única forma de que los salarios de una parte de los trabajadores formales puedan sostener el empate es con una negociación colectiva dinámica, casi permanente; habilitada por un estado que no la condiciona; y con sindicatos que no están disciplinados. Pero en un escenario político distinto y con un nivel de inflación igual o similar, dos o tres meses de un gobierno que condicione las paritarias, alcanzarían para que el salario volviera a desplomarse 20% o más, tal como ocurrió entre 2017 y 2019.
Con la combinación de estos instrumentos se podría institucionalizar la precariedad laboral –lo explícito en la campaña– a la vez que se reducirían los salarios –lo subyacente– en un breve lapso.
Argentina, donde el desarrollo económico es compatible con las aspiraciones de bienestar
El problema es político. En el debate sobre el mundo del trabajo, la derecha se apropió semánticamente de los conceptos de modernización y reforma. En el contexto de un mercado laboral –mercantilizado, fragmentado, desregulado y flexibilizado de hecho– que a todas luces necesita transformaciones, las derechas ponen esa agenda en la mesa de discusión. Sus ideas son vetustas, carentes de imaginación y ya se demostraron equivocadas e inefectivas. Así y todo, son las que están ocupando el centro del debate. Aunque no se trate de reformas sino de aspiraciones refundacionales.
Es hora de recrear un horizonte de trabajo diferente. Un horizonte que incluya la recuperación de los ingresos, no la búsqueda de deprimirlos aún más como forma de bajar la inflación y ganar competitividad de manera espuria. Que incluya también el impulso a la generación de empleo formal a través de la reactivación económica, con instituciones laborales que concilien productividad y derechos laborales, nuevos derechos para una nueva organización del trabajo y un régimen progresivo de contribuciones patronales.
Ese horizonte requiere una reflexión sobre los profundos desafíos que supone la introducción de la inteligencia artificial en los procesos productivos y sobre la distribución de los beneficios que esta tecnología tiende a acrecentar. Requiere la feminización de la agenda laboral, para continuar avanzando en la reducción de las brechas de género en el mundo del trabajo.
Las indemnizaciones que tienen que pagar los empresarios que despiden sin causa son en general bajas. Más de la mitad de los empleos en nuestro país tienen una antigüedad que no supera los dos años.
La propuesta incluye nuevas formas de discutir la distribución del ingreso, inclusive a través de la participación en las ganancias. Si los trabajadores se asociaron solidariamente con las empresas durante la pandemia, aceptando suspensiones que reducían un 25% sus salarios, ¿no sería razonable pensar que también podrían asociarse en momentos de recuperación y participar de los beneficios del crecimiento?
Un horizonte de trabajo diferente implica discutir la reducción de la jornada de trabajo, no como forma de incentivar la generación de empleo sino para mejorar las condiciones laborales y de vida de los trabajadores y, a la vez, mejorar la organización del trabajo. Incluye consolidar y ampliar los dispositivos que reconozcan el valor que generan los trabajadores del amplio espectro del cuentapropismo y los organizados en la economía popular, y les permitan apropiarse de sus beneficios. También es abordar los desafíos ambientales para hacer del recorrido hacia la sustentabilidad una transición justa, es decir, un proceso en el que se guarde especial cuidado por el empleo y las condiciones laborales.
En definitiva, el trabajo puede ser un componente central de una propuesta que abra la expectativa de un futuro diferente. Un horizonte centrado en la convicción de que las aspiraciones de bienestar e igualdad no son un obstáculo para el desarrollo económico.",web
